model,fold,rmse,r2,n_test
onehot_xgb,C1(C2=CC=CC=C2)=CC=NO1,13.606831434271706,0.7618323520612548,180
onehot_xgb,C1(C2=CC=CC=C2)=CON=C1,16.62270514689508,0.6366808555120014,179
onehot_xgb,C1(C2=CC=CC=C2)=NOC=C1,19.322887972304517,0.5890830426244158,178
onehot_xgb,C1(N(CC2=CC=CC=C2)CC3=CC=CC=C3)=CC=NO1,14.094295978545327,0.6486628918658317,180
onehot_xgb,C1(N(CC2=CC=CC=C2)CC3=CC=CC=C3)=NOC=C1,18.49066292421144,0.3948380114009866,180
onehot_xgb,C12=C(C=CC=C2)ON=C1,11.728278240929072,0.7472396969739237,180
onehot_xgb,C12=CON=C1C=CC=C2,26.5563357820708,-1.404150884584622,180
onehot_xgb,CC1=C(C(OCC)=O)C=NO1,19.855878631402494,-0.42570598106737334,180
onehot_xgb,CC1=CC(C(OCC)=O)=NO1,14.437331138231697,0.7335474119777092,180
onehot_xgb,CC1=CC(C)=NO1,13.164027220066785,0.7543182325456956,180
onehot_xgb,CC1=CC(N2C=CC=C2)=NO1,12.835472952864121,0.7350462977939698,180
onehot_xgb,CC1=CC=NO1,13.215367440151562,0.726703375815205,180
onehot_xgb,CC1=NOC(C(OCC)=O)=C1,14.571247886193765,0.7702284046618005,180
onehot_xgb,CC1=NOC(C2=CC=CC=C2)=C1,11.924465030637313,0.7953668701349752,180
onehot_xgb,CC1=NOC=C1,19.312969449379462,0.6255677911032023,178
onehot_xgb,CCOC(C1=CON=C1)=O,31.951246360609062,-6.015401594284741,180
onehot_xgb,CCOC(C1=NOC=C1)=O,19.732321835191865,0.5338474903253215,180
onehot_xgb,COC1=NOC(C(OCC)=O)=C1,10.511003422337993,0.8319056592497497,180
onehot_xgb,FC(C=CC=C1F)=C1C2=CC=NO2,13.36987643782365,0.6405791575036521,180
onehot_xgb,O=C(OC)C1=CC=NO1,19.52170258061747,0.07748621640662356,180
onehot_xgb,O=C(OC)C1=NOC(C2=CC=CO2)=C1,9.691070059302863,0.8695300291331709,180
onehot_xgb,O=C(OC)C1=NOC(C2=CC=CS2)=C1,8.67769828838255,0.887900707797614,180
ligandfp_xgb,C1(C2=CC=CC=C2)=CC=NO1,13.729760996787245,0.7575095089667598,180
ligandfp_xgb,C1(C2=CC=CC=C2)=CON=C1,16.64071607300181,0.6358931065495814,179
ligandfp_xgb,C1(C2=CC=CC=C2)=NOC=C1,19.505491919655,0.5812799021863813,178
ligandfp_xgb,C1(N(CC2=CC=CC=C2)CC3=CC=CC=C3)=CC=NO1,14.07713347063601,0.6495180115073865,180
ligandfp_xgb,C1(N(CC2=CC=CC=C2)CC3=CC=CC=C3)=NOC=C1,18.477531365759067,0.3956972448734033,180
ligandfp_xgb,C12=C(C=CC=C2)ON=C1,11.672997756281376,0.7496168203717732,180
ligandfp_xgb,C12=CON=C1C=CC=C2,26.4958760482211,-1.3932164798791655,180
ligandfp_xgb,CC1=C(C(OCC)=O)C=NO1,19.981876271550163,-0.44385733473958133,180
ligandfp_xgb,CC1=CC(C(OCC)=O)=NO1,14.668358421547033,0.7249515927900031,180
ligandfp_xgb,CC1=CC(C)=NO1,13.196046135175889,0.7531216336114133,180
ligandfp_xgb,CC1=CC(N2C=CC=C2)=NO1,12.976568106044686,0.7291892241703892,180
ligandfp_xgb,CC1=CC=NO1,13.320621468619189,0.7223326880168043,180
ligandfp_xgb,CC1=NOC(C(OCC)=O)=C1,14.341823011871254,0.7774069685565925,180
ligandfp_xgb,CC1=NOC(C2=CC=CC=C2)=C1,11.766733187737458,0.8007446688386362,180
ligandfp_xgb,CC1=NOC=C1,19.505441254148195,0.618067468179279,178
ligandfp_xgb,CCOC(C1=CON=C1)=O,32.03870625895779,-6.053860567591992,180
ligandfp_xgb,CCOC(C1=NOC=C1)=O,19.84578505963243,0.5284712114912405,180
ligandfp_xgb,COC1=NOC(C(OCC)=O)=C1,10.39076058298266,0.8357295625406405,180
ligandfp_xgb,FC(C=CC=C1F)=C1C2=CC=NO2,13.431777388635988,0.6372433008197809,180
ligandfp_xgb,O=C(OC)C1=CC=NO1,19.779045576708544,0.0530040045962874,180
ligandfp_xgb,O=C(OC)C1=NOC(C2=CC=CO2)=C1,9.730401853932621,0.8684688394896316,180
ligandfp_xgb,O=C(OC)C1=NOC(C2=CC=CS2)=C1,8.92716511751815,0.8813627931779516,180
multifp_xgb,C1(C2=CC=CC=C2)=CC=NO1,9.394901168160105,0.8864588757784985,180
multifp_xgb,C1(C2=CC=CC=C2)=CON=C1,17.973547942173383,0.5752312985111909,179
multifp_xgb,C1(C2=CC=CC=C2)=NOC=C1,15.213452185964837,0.7452785375284992,178
multifp_xgb,C1(N(CC2=CC=CC=C2)CC3=CC=CC=C3)=CC=NO1,12.575719811697008,0.7202932462717369,180
multifp_xgb,C1(N(CC2=CC=CC=C2)CC3=CC=CC=C3)=NOC=C1,17.203119039114103,0.47618121732690044,180
multifp_xgb,C12=C(C=CC=C2)ON=C1,14.61709722061984,0.6073888608453928,180
multifp_xgb,C12=CON=C1C=CC=C2,34.592514217039835,-3.079337841976211,180
multifp_xgb,CC1=C(C(OCC)=O)C=NO1,16.03703610217161,0.06996355762378448,180
multifp_xgb,CC1=CC(C(OCC)=O)=NO1,12.495669803075534,0.8003978621628021,180
multifp_xgb,CC1=CC(C)=NO1,9.316250973511522,0.87695109770792,180
multifp_xgb,CC1=CC(N2C=CC=C2)=NO1,8.02791473653526,0.8963541916495669,180
multifp_xgb,CC1=CC=NO1,10.111928671576282,0.8399912337186339,180
multifp_xgb,CC1=NOC(C(OCC)=O)=C1,10.293262350525188,0.8853407938062597,180
multifp_xgb,CC1=NOC(C2=CC=CC=C2)=C1,9.200582757851901,0.8781771345862064,180
multifp_xgb,CC1=NOC=C1,18.765583571153424,0.6464920034570444,178
multifp_xgb,CCOC(C1=CON=C1)=O,19.71539375715651,-1.6710858081837197,180
multifp_xgb,CCOC(C1=NOC=C1)=O,21.265353857806453,0.45860171722254583,180
multifp_xgb,COC1=NOC(C(OCC)=O)=C1,12.861071437806618,0.7483371918133623,180
multifp_xgb,FC(C=CC=C1F)=C1C2=CC=NO2,8.135949503199992,0.8669040135198425,180
multifp_xgb,O=C(OC)C1=CC=NO1,9.071909321616094,0.8007791075724495,180
multifp_xgb,O=C(OC)C1=NOC(C2=CC=CO2)=C1,6.611347257437268,0.9392778644891736,180
multifp_xgb,O=C(OC)C1=NOC(C2=CC=CS2)=C1,5.3711809120331875,0.9570529498817101,180
